group,order,fam_,Species,L-W group,Female length at maturity (mm),length at hatching (mm),mass at hatch (g),Size at maturity (g),mo/M,Clutch size,Clutches/yr,Female age at maturity,,adult lifespan,Adult survival rate,Adult instantaneous mortality rate per year,juvenile survival to adulthood,,lifetime fecundity,annual juvenile survival,reproductive mode,Notes
Reptile,Squamate,Corytophanidae,Basiliscus basiliscus,Iguania,135,42,1.702932558,75.10561579,0.022753399,9.5,6,1.7,97.06715581,1.492537313,0.33,1.11,0.024,85.07462687,51.41329629,0.11,Oviparous,Juvenile survival inferred from adult fecundity. Life table data directly from Pike et al. (2008) Ecology.
Reptile,Squamate,Teiidae,Cnemidophorus sexlineatus,Teiidae,68,32,0.859046025,8.955765606,0.086967513,2.1,2,2,3.607993305,1.19047619,0.16,1.83,0.4,5,2.291849003,0.63,Oviparous,Juvenile survival inferred from adult fecundity. Life table data directly from Pike et al. (2008) Ecology.
Reptile,Squamate,Teiidae,Cnemidophorus tigris,Teiidae,70,37,1.349296401,9.800650552,0.126723143,4.1,1.5,1.8,8.298172866,1.666666667,0.4,0.92,0.195,10.25,6.711843508,0.41,Oviparous,Juvenile survival inferred from adult fecundity. Life table data directly from Pike et al. (2008) Ecology.
Reptile,Squamate,Teiidae,Cnemidophorus tigris,Teiidae,83,37.5,1.406815817,16.6468807,0.076216375,2,1.5,1,4.220447451,1.923076923,0.48,0.73,0.347,5.769230769,4.087365113,0.35,Oviparous,Juvenile survival inferred from adult fecundity. Life table data directly from Pike et al. (2008) Ecology.
Reptile,Squamate,Teiidae,Cnemidophorus tigris,Teiidae,70,39,1.58931846,9.800650552,0.150290551,2.1,1.1,1.8,3.671325643,2.222222222,0.55,0.6,0.399,5.133333333,3.863929461,0.61,Oviparous,Juvenile survival inferred from adult fecundity. Life table data directly from Pike et al. (2008) Ecology.
Reptile,Squamate,Teiidae,Cnemidophorus uniparens,Teiidae,58,36,1.239084081,5.460860218,0.213261963,2.8,2.5,0.8,8.673588567,1.086956522,0.08,2.53,0.266,7.608695652,2.771477457,0.2,Oviparous,Juvenile survival inferred from adult fecundity. Life table data directly from Pike et al. (2008) Ecology.
Reptile,Squamate,Crotaphytidae,Crotaphytus collaris,Iguania,78,42,1.702932558,12.67835174,0.134567811,7.6,1,0.8,12.94228744,1.923076923,0.48,0.73,0.138,14.61538462,10.35465829,0.09,Oviparous,Juvenile survival inferred from adult fecundity. Life table data directly from Pike et al. (2008) Ecology.
Reptile,Squamate,Crotaphytidae,Crotaphytus wislizeni,Iguania,103,44.6,2.069154628,31.23425271,0.066412883,7.6,1,1.8,15.72557517,2,0.5,0.69,0.132,15.2,10.96448231,0.33,Oviparous,Juvenile survival inferred from adult fecundity. Life table data directly from Pike et al. (2008) Ecology.
Reptile,Squamate,Iguanidae,Cyclura carinata,Iguania,192,80,13.76324459,235.3671695,0.058629417,4.3,1,6.5,59.18195174,10,0.9,0.11,0.047,43,40.8122528,0.62,Oviparous,Juvenile survival inferred from adult fecundity. Life table data directly from Pike et al. (2008) Ecology.
Reptile,Squamate,Phrynosomatidae,Holbrookia maculata,Iguania,44,24.5,0.296527934,1.980236357,0.150006971,3.5,2,1,2.075695538,1.666666667,0.4,0.92,0.171,11.66666667,7.639496676,0.17,Oviparous,Juvenile survival inferred from adult fecundity. Life table data directly from Pike et al. (2008) Ecology.
Reptile,Squamate,Lacertidae,Lacerta vivipara,Lacertidae,49,21,0.228491021,2.784637274,0.064232558,7.7,1,1.5,1.759380862,1.25,0.2,1.61,0.207,9.625,4.784278996,0.35,Viviparous,Juvenile survival inferred from adult fecundity. Life table data directly from Pike et al. (2008) Ecology.
Reptile,Squamate,Phrynosomatidae,Phrynosoma douglasi,Iguania,60,24,0.277348012,5.414327292,0.051365837,16,1,2,4.437568192,3.03030303,0.67,0.4,0.041,48.48484848,39.95230029,0.2,Viviparous,Juvenile survival inferred from adult fecundity. Life table data directly from Pike et al. (2008) Ecology.
Reptile,Squamate,Phrynosomatidae,Sceloporus graciosus,Iguania,48.6,25.1,0.320731695,2.733766525,0.117555065,3.8,2,1.9,2.437560882,2,0.5,0.69,0.132,15.2,10.96448231,0.33,Oviparous,Juvenile survival inferred from adult fecundity. Life table data directly from Pike et al. (2008) Ecology.
Reptile,Squamate,Phrynosomatidae,Sceloporus graciosus,Iguania,48.6,25.1,0.320731695,2.733766525,0.117555065,3.8,2,1.8,2.437560882,1.886792453,0.47,0.76,0.139,14.33962264,10.06592406,0.34,Oviparous,Juvenile survival inferred from adult fecundity. Life table data directly from Pike et al. (2008) Ecology.
Reptile,Squamate,Phrynosomatidae,Sceloporus graciosus,Iguania,53,25.1,0.320731695,3.620984328,0.088774665,3.8,1,2,1.218780441,1.886792453,0.47,0.76,0.279,7.169811321,5.032962032,0.52,Oviparous,Juvenile survival inferred from adult fecundity. Life table data directly from Pike et al. (2008) Ecology.
Reptile,Squamate,Phrynosomatidae,Sceloporus graciosus,Iguania,53,25.1,0.320731695,3.620984328,0.088774665,3.8,1,2,1.218780441,1.886792453,0.47,0.76,0.279,7.169811321,5.032962032,0.52,Oviparous,Juvenile survival inferred from adult fecundity. Life table data directly from Pike et al. (2008) Ecology.
Reptile,Squamate,Phrynosomatidae,Sceloporus jarrovi,Iguania,73,29,0.512338163,10.2271832,0.050234658,7,1,0.7,3.586367141,1.5625,0.36,1.02,0.183,10.9375,6.851653161,0.07,Viviparous,Juvenile survival inferred from adult fecundity. Life table data directly from Pike et al. (2008) Ecology.
Reptile,Squamate,Phrynosomatidae,Sceloporus poinsetti,Iguania,87,32,0.705019907,18.0659555,0.039142049,10.4,1,1.4,7.332207033,1.754385965,0.43,0.84,0.11,18.24561404,12.32271187,0.2,Viviparous,Juvenile survival inferred from adult fecundity. Life table data directly from Pike et al. (2008) Ecology.
Reptile,Squamate,Phrynosomatidae,Sceloporus scalaris,Iguania,41,21,0.179869353,1.574918365,0.114438148,8.4,1,0.7,1.510902565,1.428571429,0.3,1.2,0.167,12,6.976901779,0.09,Oviparous,Juvenile survival inferred from adult fecundity. Life table data directly from Pike et al. (2008) Ecology.
Reptile,Squamate,Phrynosomatidae,Sceloporus undulatus,Iguania,53,28,0.457228713,3.620984328,0.126513888,9.9,4,1,18.10625703,1.25,0.2,1.61,0.04,49.5,24.60486341,0.04,Oviparous,Juvenile survival inferred from adult fecundity. Life table data directly from Pike et al. (2008) Ecology.
Reptile,Squamate,Phrynosomatidae,Sceloporus undulatus,Iguania,55,25,0.316606224,4.083158155,0.077723172,8.3,3,1,7.883494978,1.960784314,0.49,0.71,0.041,48.82352941,34.90573199,0.04,Oviparous,Juvenile survival inferred from adult fecundity. Life table data directly from Pike et al. (2008) Ecology.
Reptile,Squamate,Phrynosomatidae,Sceloporus undulatus,Iguania,55,28,0.457228713,4.083158155,0.112206214,8,3,1,10.97348911,1.960784314,0.49,0.71,0.043,47.05882353,33.64407902,0.04,Oviparous,Juvenile survival inferred from adult fecundity. Life table data directly from Pike et al. (2008) Ecology.
Reptile,Squamate,Phrynosomatidae,Sceloporus undulatus,Iguania,60,25,0.316606224,5.414327292,0.058629417,7.2,3,2,6.838694438,1.923076923,0.48,0.73,0.048,41.53846154,29.42902881,0.22,Oviparous,Juvenile survival inferred from adult fecundity. Life table data directly from Pike et al. (2008) Ecology.
Reptile,Squamate,Phrynosomatidae,Sceloporus undulatus,Iguania,58,27,0.406361624,4.850616985,0.08396763,11.8,2,1.7,9.590134326,1.587301587,0.37,0.99,0.053,37.46031746,23.73643051,0.18,Oviparous,Juvenile survival inferred from adult fecundity. Life table data directly from Pike et al. (2008) Ecology.
Reptile,Squamate,Phrynosomatidae,Sceloporus undulatus,Iguania,66,23,0.241592458,7.375321949,0.032860626,9.5,2,1.7,4.590256702,1.785714286,0.44,0.82,0.059,33.92857143,23.14305735,0.19,Oviparous,Juvenile survival inferred from adult fecundity. Life table data directly from Pike et al. (2008) Ecology.
Reptile,Squamate,Phrynosomatidae,Sceloporus undulatus,Iguania,55,25,0.316606224,4.083158155,0.077723172,7.9,2.5,1,6.252972924,1.428571429,0.3,1.2,0.071,28.21428571,16.40402502,0.07,Oviparous,Juvenile survival inferred from adult fecundity. Life table data directly from Pike et al. (2008) Ecology.
Reptile,Squamate,Phrynosomatidae,Sceloporus undulatus,Iguania,47,25,0.316606224,2.452524493,0.129338723,7,3,1,6.648730704,1.123595506,0.11,2.21,0.085,23.59550562,9.513993873,0.08,Oviparous,Juvenile survival inferred from adult fecundity. Life table data directly from Pike et al. (2008) Ecology.
Reptile,Squamate,Phrynosomatidae,Sceloporus undulatus,Iguania,53,22,0.209159095,3.620984328,0.057915614,7.4,2,1,3.095554606,1.515151515,0.34,1.08,0.089,22.42424242,13.71882412,0.09,Oviparous,Juvenile survival inferred from adult fecundity. Life table data directly from Pike et al. (2008) Ecology.
Reptile,Squamate,Phrynosomatidae,Sceloporus undulatus,Iguania,47,23,0.241592458,2.452524493,0.098719087,6.3,2,1,3.044064971,1.369863014,0.27,1.31,0.116,17.26027397,9.623218021,0.12,Oviparous,Juvenile survival inferred from adult fecundity. Life table data directly from Pike et al. (2008) Ecology.
Reptile,Squamate,Phrynosomatidae,Sceloporus undulatus,Iguania,60,25,0.316606224,5.414327292,0.058629417,5.6,2,0.9,3.545989709,1.149425287,0.13,2.04,0.157,12.87356322,5.489601833,0.13,Oviparous,Juvenile survival inferred from adult fecundity. Life table data directly from Pike et al. (2008) Ecology.
Reptile,Squamate,Phrynosomatidae,Sceloporus virgatus,Iguania,47,21.5,0.194132356,2.452524493,0.079342074,9.5,1,1.8,1.844257382,2,0.5,0.69,0.105,19,13.70560289,0.29,Oviparous,Juvenile survival inferred from adult fecundity. Life table data directly from Pike et al. (2008) Ecology.
Reptile,Squamate,Phrynosomatidae,Sceloporus virgatus,Iguania,47,21.5,0.194132356,2.452524493,0.079342074,9.5,1,1.8,1.844257382,1.886792453,0.47,0.76,0.112,17.9245283,12.58240508,0.3,Oviparous,Juvenile survival inferred from adult fecundity. Life table data directly from Pike et al. (2008) Ecology.
Reptile,Squamate,Phrynosomatidae,Sceloporus virgatus,Iguania,47,21.5,0.194132356,2.452524493,0.079342074,9.5,1,1.8,1.844257382,1.785714286,0.44,0.82,0.118,16.96428571,11.57152868,0.31,Oviparous,Juvenile survival inferred from adult fecundity. Life table data directly from Pike et al. (2008) Ecology.
Reptile,Squamate,Lacertidae,Takydromus tachydromoides,Lacertidae,45,22,0.262113465,2.165858741,0.098410387,4.2,3,1,3.302629659,1.315789474,0.24,1.43,0.121,16.57894737,8.82899278,0.12,Oviparous,Juvenile survival inferred from adult fecundity. Life table data directly from Pike et al. (2008) Ecology.
Reptile,Squamate,Lacertidae,Takydromus tachydromoides,Lacertidae,45,22,0.262113465,2.165858741,0.098410387,3.6,3,1,2.830825422,1.315789474,0.24,1.43,0.14,14.21052632,7.567708097,0.14,Oviparous,Juvenile survival inferred from adult fecundity. Life table data directly from Pike et al. (2008) Ecology.
Reptile,Squamate,Lacertidae,Takydromus tachydromoides,Lacertidae,45,22,0.262113465,2.165858741,0.098410387,3.6,3,1,2.830825422,1.315789474,0.24,1.43,0.141,14.21052632,7.567708097,0.14,Oviparous,Juvenile survival inferred from adult fecundity. Life table data directly from Pike et al. (2008) Ecology.
Reptile,Squamate,Phrynosomatidae,Urosaurus ornatus,Iguania,41,21,0.179869353,1.574918365,0.114438148,9,2,3.8,3.237648354,1.428571429,0.3,1.2,0.078,25.71428571,14.95050381,0.51,Oviparous,Juvenile survival inferred from adult fecundity. Life table data directly from Pike et al. (2008) Ecology.
Reptile,Squamate,Phrynosomatidae,Urosaurus ornatus,Iguania,41,21,0.179869353,1.574918365,0.114438148,4.7,3,3.4,2.536157877,1.515151515,0.34,1.08,0.094,21.36363636,13.06996081,0.5,Oviparous,Juvenile survival inferred from adult fecundity. Life table data directly from Pike et al. (2008) Ecology.
Reptile,Squamate,Phrynosomatidae,Urosaurus ornatus,Iguania,41,24.5,0.296527934,1.574918365,0.188572526,5.3,3,3.3,4.714794151,1.298701299,0.23,1.47,0.097,20.64935065,10.81871128,0.49,Oviparous,Juvenile survival inferred from adult fecundity. Life table data directly from Pike et al. (2008) Ecology.
Reptile,Squamate,Phrynosomatidae,Urosaurus ornatus,Iguania,41,24.5,0.296527934,1.574918365,0.188572526,9,1.5,3.4,4.003127109,1.492537313,0.33,1.11,0.099,20.14925373,12.17683333,0.51,Oviparous,Juvenile survival inferred from adult fecundity. Life table data directly from Pike et al. (2008) Ecology.
Reptile,Squamate,Phrynosomatidae,Urosaurus ornatus,Iguania,41,21,0.179869353,1.574918365,0.114438148,4.2,1.5,3.3,1.133176924,1.388888889,0.28,1.27,0.226,8.75,4.949072956,0.64,Oviparous,Juvenile survival inferred from adult fecundity. Life table data directly from Pike et al. (2008) Ecology.
Reptile,Squamate,Phrynosomatidae,Uta stansburiana,Iguania,41,22,0.209159095,1.574918365,0.133054568,3.9,3.5,3.5,2.855021647,1.136363636,0.12,2.12,0.129,15.51136364,6.437878956,0.56,Oviparous,Juvenile survival inferred from adult fecundity. Life table data directly from Pike et al. (2008) Ecology.
Reptile,Squamate,Phrynosomatidae,Uta stansburiana,Iguania,41,22,0.209159095,1.574918365,0.133054568,3.3,4,3.4,2.760900054,1.123595506,0.11,2.21,0.134,14.83146067,5.98022472,0.55,Oviparous,Juvenile survival inferred from adult fecundity. Life table data directly from Pike et al. (2008) Ecology.
Reptile,Squamate,Phrynosomatidae,Uta stansburiana,Iguania,41,22,0.209159095,1.574918365,0.133054568,3.7,1,3.5,0.773888652,1.428571429,0.3,1.2,0.383,5.285714286,3.073159117,0.76,Oviparous,Juvenile survival inferred from adult fecundity. Life table data directly from Pike et al. (2008) Ecology.
Reptile,Squamate,Xantusiidae,Xantusia vigilis,Xantusiidae,39,23,0.226228046,1.131266489,0.180696134,1.8,1,3,0.407210483,3.448275862,0.71,0.34,0.324,6.206896552,5.255623161,0.69,Viviparous,Juvenile survival inferred from adult fecundity. Life table data directly from Pike et al. (2008) Ecology.
Reptile,Squamate,Xantusiidae,Xantusia vigilis,Xantusiidae,39,23,0.226228046,1.131266489,0.180696134,1.8,1,3,0.407210483,3.448275862,0.71,0.34,0.326,6.206896552,5.255623161,0.69,Viviparous,Juvenile survival inferred from adult fecundity. Life table data directly from Pike et al. (2008) Ecology.
Reptile,Squamate,Viperidae,Agkistrodon contortrix,Viperidae,420,220,11.32745166,63.05606512,0.123061381,5.5,0.5,3,31.15049207,3.448275862,0.71,0.34,0.212,9.482758621,8.029424273,0.6,Viviparous,Juvenile survival inferred from adult fecundity. Life table data directly from Pike et al. (2008) Ecology.
Reptile,Squamate,Viperidae,Agkistrodon contortrix,Viperidae,420,220,11.32745166,63.05606512,0.123061381,5.3,0.5,3,30.0177469,3.448275862,0.71,0.34,0.219,9.137931034,7.737445209,0.6,Viviparous,Juvenile survival inferred from adult fecundity. Life table data directly from Pike et al. (2008) Ecology.
Reptile,Squamate,Viperidae,Agkistrodon contortrix,Viperidae,420,220,11.32745166,63.05606512,0.196027474,5.3,0.5,3,30.0177469,3.333333333,0.7,0.36,0.226,8.833333333,7.429734118,0.61,Viviparous,Juvenile survival inferred from adult fecundity. Life table data directly from Pike et al. (2008) Ecology.
Reptile,Squamate,Viperidae,Agkistrodon contortrix,Viperidae,420,220,11.32745166,63.05606512,0.196027474,5.3,0.5,3,30.0177469,3.225806452,0.69,0.37,0.234,8.548387097,7.141631296,0.62,Viviparous,Juvenile survival inferred from adult fecundity. Life table data directly from Pike et al. (2008) Ecology.
Reptile,Squamate,Colubridae,Carphophis vermis,Colubridae,250,114.5,1.109659732,7.939786452,0.139759393,3,1,3,3.328979196,2.857142857,0.65,0.43,0.234,8.571428571,6.964064469,0.62,Oviparous,Juvenile survival inferred from adult fecundity. Life table data directly from Pike et al. (2008) Ecology.
Reptile,Squamate,Colubridae,Carphophis vermis,Colubridae,250,114.5,1.109659732,7.939786452,0.139759393,3,1,2.1,3.328979196,2.857142857,0.65,0.43,0.234,8.571428571,6.964064469,0.5,Oviparous,Juvenile survival inferred from adult fecundity. Life table data directly from Pike et al. (2008) Ecology.
Reptile,Squamate,Colubridae,Coluber constrictor,Colubridae,580,214.5,5.397551406,66.19703594,0.08153766,11.8,1,2,63.69110659,2.631578947,0.62,0.48,0.064,31.05263158,24.68434368,0.25,Oviparous,Juvenile survival inferred from adult fecundity. Life table data directly from Pike et al. (2008) Ecology.
Reptile,Squamate,Colubridae,Coluber constrictor,Colubridae,580,225.7,6.136200319,66.19703594,0.092695998,5.8,1,3,35.58996185,4,0.75,0.29,0.087,23.2,20.16114508,0.44,Oviparous,Juvenile survival inferred from adult fecundity. Life table data directly from Pike et al. (2008) Ecology.
Reptile,Squamate,Viperidae,Crotalus viridis,Viperidae,564,245,15.07425834,137.9259618,0.122313724,9.7,1,7,146.2203059,6.666666667,0.85,0.16,0.031,64.66666667,59.68535499,0.61,Viviparous,Juvenile survival inferred from adult fecundity. Life table data directly from Pike et al. (2008) Ecology.
Reptile,Squamate,Viperidae,Crotalus viridis,Viperidae,605,245,15.07425834,166.1730227,0.102488465,10.2,0.5,3,76.87871753,4,0.75,0.29,0.098,20.4,17.72790343,0.46,Viviparous,Juvenile survival inferred from adult fecundity. Life table data directly from Pike et al. (2008) Ecology.
Reptile,Squamate,Viperidae,Crotalus viridis,Viperidae,650,245,15.07425834,201.0411509,0.085537563,5.5,0.4,7,33.16336835,6.666666667,0.85,0.16,0.136,14.66666667,13.53688464,0.75,Viviparous,Juvenile survival inferred from adult fecundity. Life table data directly from Pike et al. (2008) Ecology.
Reptile,Squamate,Elapidae,Cryptophis nigrescens,Elapidae,285,152.3,2.898430312,13.48138283,0.206155397,4.2,1,3,12.17340731,3.846153846,0.74,0.3,0.123,16.15384615,13.94861828,0.5,Viviparous,Juvenile survival inferred from adult fecundity. Life table data directly from Pike et al. (2008) Ecology.
Reptile,Squamate,Colubridae,Diadophis punctatus,Colubridae,235,111.5,1.037845403,6.793459848,0.152771257,3.9,1,3,4.047597072,3.846153846,0.74,0.3,0.133,15,12.9522884,0.51,Oviparous,Juvenile survival inferred from adult fecundity. Life table data directly from Pike et al. (2008) Ecology.
Reptile,Squamate,Colubridae,Diadophis punctatus,Colubridae,235,111.5,1.037845403,6.793459848,0.152771257,3.9,1,2.8,4.047597072,2.5,0.6,0.51,0.205,9.75,7.634699237,0.56,Oviparous,Juvenile survival inferred from adult fecundity. Life table data directly from Pike et al. (2008) Ecology.
Reptile,Squamate,Colubridae,Elaphe quadrivirgata,Colubridae,549,250,7.939786452,57.63977914,0.137748384,9.2,1,2,73.04603536,2.5,0.6,0.51,0.087,23,18.01005974,0.29,Oviparous,Juvenile survival inferred from adult fecundity. Life table data directly from Pike et al. (2008) Ecology.
Reptile,Squamate,Colubridae,Heterodon nasicus,Colubridae,350,153,2.303681346,18.53751314,0.124271326,9.5,1,1.8,21.88497279,2.702702703,0.63,0.46,0.078,25.67567568,20.56119244,0.23,Oviparous,Juvenile survival inferred from adult fecundity. Life table data directly from Pike et al. (2008) Ecology.
Reptile,Squamate,Colubridae,Heterodon nasicus,Colubridae,350,153,2.303681346,18.53751314,0.124271326,9.5,0.5,1.8,10.94248639,2.702702703,0.63,0.46,0.156,12.83783784,10.28059622,0.35,Oviparous,Juvenile survival inferred from adult fecundity. Life table data directly from Pike et al. (2008) Ecology.
Reptile,Squamate,Colubridae,Heterodon nasicus,Colubridae,350,153,2.303681346,18.53751314,0.124271326,9.5,0.5,2,10.94248639,2.702702703,0.63,0.46,0.156,12.83783784,10.28059622,0.39,Oviparous,Juvenile survival inferred from adult fecundity. Life table data directly from Pike et al. (2008) Ecology.
Reptile,Squamate,Colubridae,Heterodon platirhinos,Colubridae,560,234,6.720846255,60.59458676,0.110914961,19.1,1,2,128.3681635,1.886792453,0.47,0.76,0.055,36.03773585,25.29725653,0.24,Oviparous,Juvenile survival inferred from adult fecundity. Life table data directly from Pike et al. (2008) Ecology.
Reptile,Squamate,Colubridae,Heterodon platirhinos,Colubridae,560,234,6.720846255,60.59458676,0.110914961,19.1,0.8,2,102.6945308,1.886792453,0.47,0.76,0.074,28.83018868,20.23780522,0.27,Oviparous,Juvenile survival inferred from adult fecundity. Life table data directly from Pike et al. (2008) Ecology.
Reptile,Squamate,Elapidae,Hoplocephalus bungaroides,Elapidae,448,232,8.138456133,40.88697384,0.235679296,6.8,0.5,6,27.67075085,5.555555556,0.82,0.2,0.108,18.88888889,17.132698,0.69,Viviparous,Juvenile survival inferred from adult fecundity. Life table data directly from Pike et al. (2008) Ecology.
Reptile,Squamate,Colubridae,Masticophis taeniatus,Colubridae,740,287.5,11.29190926,122.3105541,0.092321626,5.8,1,3,65.49307371,5,0.8,0.22,0.069,29,25.99223668,0.41,Oviparous,Juvenile survival inferred from adult fecundity. Life table data directly from Pike et al. (2008) Ecology.
Reptile,Squamate,Colubridae,Nerodia sipedon,Colubridae,470,184,3.66725335,38.96606961,0.094114017,22.6,1,2,82.87992571,1.538461538,0.35,1.05,0.058,34.76923077,21.52745639,0.24,Viviparous,Juvenile survival inferred from adult fecundity. Life table data directly from Pike et al. (2008) Ecology.
Reptile,Squamate,Colubridae,Opheodrys aestivus,Colubridae,350,139,1.808828102,18.53751314,0.097576632,6.1,1,1.8,11.03385142,1.960784314,0.49,0.71,0.167,11.96078431,8.551203419,0.36,Oviparous,Juvenile survival inferred from adult fecundity. Life table data directly from Pike et al. (2008) Ecology.
Reptile,Squamate,Colubridae,Opheodrys aestivus,Colubridae,350,139,1.808828102,18.53751314,0.097576632,6.1,1,2,11.03385142,1.960784314,0.49,0.71,0.167,11.96078431,8.551203419,0.41,Oviparous,Juvenile survival inferred from adult fecundity. Life table data directly from Pike et al. (2008) Ecology.
Reptile,Squamate,Colubridae,Opheodrys aestivus,Colubridae,350,139,1.808828102,18.53751314,0.097576632,6.1,1,2,11.03385142,1.960784314,0.49,0.71,0.167,11.96078431,8.551203419,0.41,Oviparous,Juvenile survival inferred from adult fecundity. Life table data directly from Pike et al. (2008) Ecology.
Reptile,Squamate,Colubridae,Pituophis melanoleucus,Colubridae,740,331.1,16.11747983,122.3105541,0.131775054,7.4,1,3,119.2693507,5,0.8,0.22,0.054,37,33.16250887,0.38,Oviparous,Juvenile survival inferred from adult fecundity. Life table data directly from Pike et al. (2008) Ecology.
Reptile,Squamate,Colubridae,Pituophis melanoleucus,Colubridae,740,331.1,16.11747983,122.3105541,0.131775054,7.4,1,3,119.2693507,2.702702703,0.63,0.46,0.1,20,16.01608674,0.46,Oviparous,Juvenile survival inferred from adult fecundity. Life table data directly from Pike et al. (2008) Ecology.
Reptile,Squamate,Colubridae,Pituophis melanoleucus,Colubridae,740,331.1,16.11747983,122.3105541,0.131775054,7.4,1,3,119.2693507,2.702702703,0.63,0.46,0.1,20,16.01608674,0.46,Oviparous,Juvenile survival inferred from adult fecundity. Life table data directly from Pike et al. (2008) Ecology.
Reptile,Squamate,Colubridae,Rhabdophis tigrinus,Colubridae,548,168,2.915945415,57.37556925,0.050822074,12.9,1,2,37.61569585,1.694915254,0.41,0.89,0.091,21.86440678,14.46840199,0.3,Oviparous,Juvenile survival inferred from adult fecundity. Life table data directly from Pike et al. (2008) Ecology.
Reptile,Squamate,Colubridae,Thamnophis ordinoides,Colubridae,527.2,139,1.808828102,52.04488006,0.034755159,9.5,1,2,17.18386697,2,0.5,0.69,0.105,19,13.70560289,0.32,Viviparous,Juvenile survival inferred from adult fecundity. Life table data directly from Pike et al. (2008) Ecology.
Reptile,Squamate,Colubridae,Thamnophis proximus,Colubridae,527.2,139,1.808828102,52.04488006,0.034755159,8.4,1,2,15.19415606,2,0.5,0.69,0.119,16.8,12.11863834,0.35,Viviparous,Juvenile survival inferred from adult fecundity. Life table data directly from Pike et al. (2008) Ecology.
Reptile,Squamate,Colubridae,Thamnophis sirtalis,Colubridae,504,167.9,2.911573475,46.46489412,0.062661791,14.5,1,1.8,42.21781539,2,0.5,0.69,0.069,29,20.91907809,0.22,Viviparous,Juvenile survival inferred from adult fecundity. Life table data directly from Pike et al. (2008) Ecology.
Reptile,Squamate,Colubridae,Thamnophis sirtalis,Colubridae,504,185,3.717686425,46.46489412,0.080010651,11.3,1,2,42.0098566,2,0.5,0.69,0.088,22.6,16.30245396,0.3,Viviparous,Juvenile survival inferred from adult fecundity. Life table data directly from Pike et al. (2008) Ecology.
Reptile,Squamate,Colubridae,Thamnophis sirtalis,Colubridae,504,154,2.341813021,46.46489412,0.05039962,16.4,0.5,2,19.20286677,2,0.5,0.69,0.122,16.4,11.83009934,0.35,Viviparous,Juvenile survival inferred from adult fecundity. Life table data directly from Pike et al. (2008) Ecology.
Reptile,Squamate,Viperidae,Vipera aspis,Viperidae,463,200,8.794975591,81.68033893,0.120595608,7,0.5,4.5,30.78241457,4,0.75,0.29,0.143,14,12.16620824,0.65,Viviparous,Juvenile survival inferred from adult fecundity. Life table data directly from Pike et al. (2008) Ecology.
Reptile,Squamate,Viperidae,Vipera aspis,Viperidae,463,200,8.794975591,81.68033893,0.120595608,7,0.3,5,18.46944874,5,0.8,0.22,0.19,10.5,9.410982247,0.72,Viviparous,Juvenile survival inferred from adult fecundity. Life table data directly from Pike et al. (2008) Ecology.
Reptile,Squamate,Viperidae,Vipera aspis,Viperidae,400,200,8.794975591,55.39483549,0.174342958,7,0.3,5.5,18.46944874,4.545454545,0.78,0.25,0.251,9.545454545,8.452018479,0.78,Viviparous,Juvenile survival inferred from adult fecundity. Life table data directly from Pike et al. (2008) Ecology.
Reptile,Squamate,Viperidae,Vipera berus,Viperidae,450,144.5,3.710642667,75.73196475,0.057117796,7.9,0.5,3,14.65703853,4.347826087,0.77,0.26,0.116,17.17391304,15.11297827,0.49,Viviparous,Juvenile survival inferred from adult fecundity. Life table data directly from Pike et al. (2008) Ecology.
Reptile,Squamate,Viperidae,Vipera berus,Viperidae,450,195,8.223219694,75.73196475,0.121560278,7.5,0.5,3,30.83707385,4.347826087,0.77,0.26,0.123,16.30434783,14.34776418,0.5,Viviparous,Juvenile survival inferred from adult fecundity. Life table data directly from Pike et al. (2008) Ecology.
Reptile,Testudines,Cheloniidae,Caretta caretta,,651,43,16.03888226,33941.51451,0.000472545,120,1.5,20,2886.998807,5.263157895,0.81,0.21,0.002,947.3684211,854.2099423,0.73,Oviparous,Juvenile survival inferred from adult fecundity. Life table data directly from Pike et al. (2008) Ecology.
Reptile,Testudines,Chelidae,Chelodina longicollis,,170,29.8,5.706915255,771.729411,0.007394969,2,1.5,10,17.12074577,50,0.98,0.02,0.001,150,148.4949494,0.52,Oviparous,Juvenile survival inferred from adult fecundity. Life table data directly from Pike et al. (2008) Ecology.
Reptile,Testudines,Cheloniidae,Chelonia mydas,,692,51,25.94136041,40316.14194,0.000643448,110,1.3,25,3709.614539,2.564102564,0.61,0.49,0.005,366.6666667,289.3001499,0.81,Oviparous,Juvenile survival inferred from adult fecundity. Life table data directly from Pike et al. (2008) Ecology.
Reptile,Testudines,Emydidae,Chrysemys picta,,107,26.9,4.276632346,209.3454262,0.020428592,13,2.5,9,138.9905512,25,0.96,0.04,0.002,812.5,796.1394435,0.51,Oviparous,Juvenile survival inferred from adult fecundity. Life table data directly from Pike et al. (2008) Ecology.
Reptile,Testudines,Emydidae,Chrysemys picta,,107,26.9,4.276632346,209.3454262,0.020428592,13,2.5,7,138.9905512,12.5,0.92,0.08,0.005,406.25,389.774201,0.47,Oviparous,Juvenile survival inferred from adult fecundity. Life table data directly from Pike et al. (2008) Ecology.
Reptile,Testudines,Emydidae,Chrysemys picta,,107,26.9,4.276632346,209.3454262,0.020428592,11.5,2,8,98.36254396,4.166666667,0.76,0.27,0.021,95.83333333,83.80798847,0.62,Oviparous,Juvenile survival inferred from adult fecundity. Life table data directly from Pike et al. (2008) Ecology.
Reptile,Testudines,Testudinidae,Geochelone gigantea,,550,70,63.32078177,21105.81127,0.003000159,2,9,23,1139.774072,33.33333333,0.97,0.03,0.003,600,590.9543119,0.78,Oviparous,Juvenile survival inferred from adult fecundity. Life table data directly from Pike et al. (2008) Ecology.
Reptile,Testudines,Testudinidae,Gopherus agassizii,,189,42,15.00985482,1040.229954,0.014429362,5.5,1.5,16,123.8313023,16.66666667,0.94,0.06,0.015,137.5,133.3324634,0.77,Oviparous,Juvenile survival inferred from adult fecundity. Life table data directly from Pike et al. (2008) Ecology.
Reptile,Testudines,Testudinidae,Gopherus polyphemus,,229,42,15.00985482,1786.801797,0.008400403,6.5,1,11,97.56405633,10,0.9,0.11,0.031,65,61.69294028,0.73,Oviparous,Juvenile survival inferred from adult fecundity. Life table data directly from Pike et al. (2008) Ecology.
Reptile,Testudines,Kinosternidae,Kinosternon flavescens,,102.5,21,2.128501516,185.4726359,0.011476095,5,2,11,21.28501516,20,0.95,0.05,0.01,200,194.9572575,0.66,Oviparous,Juvenile survival inferred from adult fecundity. Life table data directly from Pike et al. (2008) Ecology.
Reptile,Testudines,Kinosternidae,Kinosternon sonoriense,,93,24,3.100953619,141.0083856,0.021991271,3.5,2,7,21.70667533,16.66666667,0.94,0.06,0.017,116.6666667,113.130575,0.56,Oviparous,Juvenile survival inferred from adult fecundity. Life table data directly from Pike et al. (2008) Ecology.
Reptile,Testudines,Kinosternidae,Kinosternon sonoriense,,93,24,3.100953619,141.0083856,0.021991271,3.5,2,7,21.70667533,7.142857143,0.86,0.15,0.04,50,46.41205332,0.63,Oviparous,Juvenile survival inferred from adult fecundity. Life table data directly from Pike et al. (2008) Ecology.
Reptile,Testudines,Kinosternidae,Kinosternon sonoriense,,93,24,3.100953619,141.0083856,0.021991271,3.5,2,7,21.70667533,5.882352941,0.83,0.19,0.049,41.17647059,37.56784118,0.65,Oviparous,Juvenile survival inferred from adult fecundity. Life table data directly from Pike et al. (2008) Ecology.
Reptile,Testudines,Kinosternidae,Kinosternon subrubum,,80,22,2.426649799,92.25025486,0.026305074,3,1,5,7.279949397,8.333333333,0.88,0.13,0.08,25,23.46805036,0.6,Oviparous,Juvenile survival inferred from adult fecundity. Life table data directly from Pike et al. (2008) Ecology.
Reptile,Testudines,Geoemydidae,Mauremys leprosa,,137.3,32,6.975456428,422.6837631,0.016502778,8.5,2,8,118.5827593,4.761904762,0.79,0.24,0.025,80.95238095,72.11874983,0.63,Oviparous,Juvenile survival inferred from adult fecundity. Life table data directly from Pike et al. (2008) Ecology.
Reptile,Testudines,Podocnemididae,Podocnemis voglii,,220,38.1,11.40529631,1595.905259,0.0071466,14,3,10,479.022445,12.5,0.92,0.08,0.004,525,503.7081982,0.57,Oviparous,Juvenile survival inferred from adult fecundity. Life table data directly from Pike et al. (2008) Ecology.
Reptile,Testudines,Kinosternidae,Sternotherus odoratus,,75,21,2.128501516,76.90996816,0.027675236,3.5,3,5,22.34926592,6.25,0.84,0.17,0.03,65.625,60.22251802,0.5,Oviparous,Juvenile survival inferred from adult fecundity. Life table data directly from Pike et al. (2008) Ecology.
Reptile,Testudines,Emydidae,Terrapene ornata,,195,30,5.815508397,1135.997894,0.005119295,5,1,9,29.07754199,11.11111111,0.91,0.09,0.036,55.55555556,53.01626526,0.69,Oviparous,Juvenile survival inferred from adult fecundity. Life table data directly from Pike et al. (2008) Ecology.
Reptile,Testudines,Emydidae,Terrapene ornata,,118,30,5.815508397,275.8185607,0.021084543,5,1,11,29.07754199,5.882352941,0.83,0.19,0.068,29.41176471,26.83417227,0.78,Oviparous,Juvenile survival inferred from adult fecundity. Life table data directly from Pike et al. (2008) Ecology.
Reptile,Testudines,Testudinidae,Testudo graeca,,141.4,32.5,7.286975386,459.2259563,0.015867952,11.5,2.5,12,209.5005423,8.333333333,0.88,0.13,0.008,239.5833333,224.9021493,0.67,Oviparous,Juvenile survival inferred from adult fecundity. Life table data directly from Pike et al. (2008) Ecology.
Reptile,Testudines,Emydidae,Trachemys scripta,,172.5,34,8.274991942,804.1400146,0.010290486,11.5,2.5,8,237.9060183,5.263157895,0.81,0.21,0.013,151.3157895,136.4363102,0.58,Oviparous,Juvenile survival inferred from adult fecundity. Life table data directly from Pike et al. (2008) Ecology.
Mammal,Carnivora,Mustelidae,Taxidea taxus,,,,3000,4100,0.731707317,2.8,0.47,1.624657534,3948,2.124973146,,0.636,0.308,,2.06918239,,,Juvenile survival calculated directly from lifetable. Life table data from Purvis and Harvey 1995
Mammal,Carnivora,Felidae,Lynx rufus,,,,1190,7100,0.167605634,2.64,0.82,1.260273973,2576.112,2.154229742,,0.624,0.213,,3.469230769,,,Juvenile survival calculated directly from lifetable. Life table data from Purvis and Harvey 1996
Mammal,Artiodactyla,Suidae,Phacochoerus aethiopicus,,,,,54000,,2.79,0.72,2.126027397,,3.504137933,,0.336,0.153,,5.978571429,,,Juvenile survival calculated directly from lifetable. Life table data from Purvis and Harvey 1997
Mammal,Primate,Hominidae,Pan troglodytes,,,,8500,34300,0.247813411,1.05,0.19,11.80821918,1695.75,14.39488837,,0.072,0.384,,2.770833333,,,Juvenile survival calculated directly from lifetable. Life table data from Purvis and Harvey 1998
Mammal,Rodentia,Sciuridae,Spermophilus lateralis,,,,65.7,156,0.421153846,5.15,0.82,1.432876712,277.4511,2.216369215,,0.6,0.156,,7.038333333,,,Juvenile survival calculated directly from lifetable. Life table data from Purvis and Harvey 1999
Mammal,Proboscidea,Elephantidae,Loxodonta africana,,,,600000,2770000,0.216606498,1.06,0.14,14.95890411,89040,17.17166637,,0.06,0.465,,2.473333333,,,Juvenile survival calculated directly from lifetable. Life table data from Purvis and Harvey 2000
Mammal,Carnivora,Phocidae,Mirounga leonina,,,,118000,558000,0.211469534,1,0.86,5.205479452,101480,4.489231775,,0.252,0.376,,3.412698413,,,Juvenile survival calculated directly from lifetable. Life table data from Purvis and Harvey 2001
Mammal,Carnivora,Mustelidae,Lutra canadensis,,,,1510,4600,0.32826087,2.52,0.82,3.232876712,3120.264,4.309853275,,0.264,0.166,,7.827272727,,,Juvenile survival calculated directly from lifetable. Life table data from Purvis and Harvey 2002
Mammal,Rodentia,Sciuridae,Tamiasciurus hudsonicus,,,,60,200,0.3,3.87,0.82,1.131506849,190.404,2.018548735,,0.684,0.291,,4.639473684,,,Juvenile survival calculated directly from lifetable. Life table data from Purvis and Harvey 2003
Mammal,Rodentia,Sciuridae,Marmota flaviventris,,,,,2510,,4.15,0.82,3.01369863,,3.058166597,,0.396,0.161,,8.593434343,,,Juvenile survival calculated directly from lifetable. Life table data from Purvis and Harvey 2004
Mammal,Artiodactyla,Cervidae,Alces alces,,,,94000,408000,0.230392157,1.17,0.81,2.457534247,89083.8,4.146159258,,0.276,0.403,,3.433695652,,,Juvenile survival calculated directly from lifetable. Life table data from Purvis and Harvey 2005
Mammal,Artiodactyla,Suidae,Sus scrofa,,,,20000,54800,0.364963504,5.28,0.82,1.882191781,86592,2.357362278,,0.552,0.184,,7.843478261,,,Juvenile survival calculated directly from lifetable. Life table data from Purvis and Harvey 2006
Mammal,Rodentia,Dipodidae,Zapus princeps,,,,,25.5,,4.46,0.7,1.309589041,,2.154229742,,0.624,0.301,,5.003205128,,,Juvenile survival calculated directly from lifetable. Life table data from Purvis and Harvey 2007
Mammal,Perissodactyla,Equidae,Equus caballus,,,,,410000,,1,0.49,4,,8.843330934,,0.12,0.394,,4.083333333,,,Juvenile survival calculated directly from lifetable. Life table data from Purvis and Harvey 2008
Mammal,Carnivora,Felidae,Felis catus,,,,1050,2620,0.400763359,4.4,1.6,1,7392,1.7759537,,0.828,0.193,,8.502415459,,,Juvenile survival calculated directly from lifetable. Life table data from Purvis and Harvey 2009
Mammal,Carnivora,Otariidae,Callorhinus ursinus,,,,12900,42400,0.304245283,1,0.78,4.657534247,10062,8.843330934,,0.12,0.26,,6.5,,,Juvenile survival calculated directly from lifetable. Life table data from Purvis and Harvey 2010
Mammal,Carnivora,Phocidae,Halichoerus grypus,,,,46500,182000,0.255494505,1,0.85,4.95890411,39525,7.456440299,,0.144,0.29,,5.902777778,,,Juvenile survival calculated directly from lifetable. Life table data from Purvis and Harvey 2011
Mammal,Carnivora,Ursidae,Ailuropoda melanokuca,,,,10000,120000,0.083333333,1.56,0.7,3.205479452,10920,4.686647493,,0.24,0.394,,4.55,,,Juvenile survival calculated directly from lifetable. Life table data from Purvis and Harvey 2012
Mammal,Rodentia,Sciuridae,Spermophilus beldingi,,,,77.1,257,0.3,5,0.82,1,316.11,2.096835702,,0.648,0.284,,6.327160494,,,Juvenile survival calculated directly from lifetable. Life table data from Purvis and Harvey 2013
Mammal,Artiodactyla,Bovidae,Rupicapra rupicapra,,,,,26100,,1,0.88,2.309589041,,3.402504853,,0.348,0.754,,2.528735632,,,Juvenile survival calculated directly from lifetable. Life table data from Purvis and Harvey 2014
Mammal,Primate,Cercopithecidae,Macaca sinica,,,,,3590,,1,0.69,4.739726027,,17.17166637,,0.06,0.168,,11.5,,,Juvenile survival calculated directly from lifetable. Life table data from Purvis and Harvey 2015
Mammal,Rodentia,Sciuridae,Spermophilus arniatus,,,,74.5,266,0.280075188,4.99,0.89,1,330.86195,2.069756312,,0.66,0.288,,6.728939394,,,Juvenile survival calculated directly from lifetable. Life table data from Purvis and Harvey 2016
Mammal,Carnivora,Phocidae,Phoca hispida,,,,10400,69700,0.149210904,1,0.8,4.191780822,8320,10.92466544,,0.096,0.234,,8.333333333,,,Juvenile survival calculated directly from lifetable. Life table data from Purvis and Harvey 2017
Mammal,Rodentia,Cricetidae,Clethrionomys glareolus,,,,7.8,17.3,0.450867052,4.86,3.39,0.15890411,128.50812,1.038775874,,3.288,0.39,,5.010766423,,,Juvenile survival calculated directly from lifetable. Life table data from Purvis and Harvey 2018
Mammal,Rodentia,Muridae,Apodemus flavicollis,,,,8.7,26.7,0.325842697,5.96,2.88,0.243835616,149.33376,1.027071092,,3.636,0.415,,4.720792079,,,Juvenile survival calculated directly from lifetable. Life table data from Purvis and Harvey 2019
Mammal,Rodentia,Sciuridae,Tamias striatus,,,,28.6,95.4,0.299790356,4.14,1.75,0.610958904,207.207,1.36450835,,1.32,0.359,,5.488636364,,,Juvenile survival calculated directly from lifetable. Life table data from Purvis and Harvey 2020
Mammal,Lagomorpha,Ochotonidae,Ochotona princeps,,,,50,140,0.357142857,2.73,2,0.830136986,273,2.319802342,,0.564,0.21,,9.680851064,,,Juvenile survival calculated directly from lifetable. Life table data from Purvis and Harvey 2021
Mammal,Rodentia,Cricetidae,Peromyscus maniculatus,,,,7,18,0.388888889,4.28,4.67,0.191780822,139.9132,1.023070711,,3.792,0.407,,5.270991561,,,Juvenile survival calculated directly from lifetable. Life table data from Purvis and Harvey 2022
Mammal,Artiodactyla,Cervidae,Cervus elaphus,,,,37300,109000,0.342201835,1,0.82,2.821917808,30586,4.904948471,,0.228,0.602,,3.596491228,,,Juvenile survival calculated directly from lifetable. Life table data from Purvis and Harvey 2023
Mammal,Carnivora,Canidae,Canis lupus,,,,5250,27000,0.194444444,6.8,0.82,1,29274,2.357362278,,0.552,0.219,,10.10144928,,,Juvenile survival calculated directly from lifetable. Life table data from Purvis and Harvey 2024
Mammal,Artiodactyla,Hippopotamidae,Hippopotamus amphibius,,,,225000,1360000,0.165441176,1,0.33,5.506849315,74250,17.17166637,,0.06,0.411,,5.5,,,Juvenile survival calculated directly from lifetable. Life table data from Purvis and Harvey 2025
Mammal,Eulipotyphla,Talpidae,Talpa europaea,,,,,85,,4.1,0.82,1,,1.926582322,,0.732,0.494,,4.592896175,,,Juvenile survival calculated directly from lifetable. Life table data from Purvis and Harvey 2026
Mammal,Artiodactyla,Bovidae,Ovis dalli,,,,,60000,,1,0.75,2.767123288,,6.070547462,,0.18,0.587,,4.166666667,,,Juvenile survival calculated directly from lifetable. Life table data from Purvis and Harvey 2027
Mammal,Carnivora,Mephitidae,Mephitis mephitis,,,,767,2000,0.3835,6.16,0.82,1,3874.2704,1.926582322,,0.732,0.361,,6.900546448,,,Juvenile survival calculated directly from lifetable. Life table data from Purvis and Harvey 2028
Mammal,Rodentia,Sciuridae,Sciurus carolinensis,,,,130,568,0.228873239,2.85,1.67,0.838356164,618.735,2.249400219,,0.588,0.316,,8.094387755,,,Juvenile survival calculated directly from lifetable. Life table data from Purvis and Harvey 2029
Mammal,Artiodactyla,Bovidae,Aepyceros metampus,,,,15900,44400,0.358108108,1,0.9,2.008219178,14310,4.686647493,,0.24,0.753,,3.75,,,Juvenile survival calculated directly from lifetable. Life table data from Purvis and Harvey 2030
Mammal,Artiodactyla,Bovidae,Kobus ellipsiprymnus,,,,,188000,,1,1.11,1.791780822,,6.070547462,,0.18,0.488,,6.166666667,,,Juvenile survival calculated directly from lifetable. Life table data from Purvis and Harvey 2031
Mammal,Rodentia,Spalacidae,Tachyoryctes splendens,,,,,195,,1.5,2.11,0.435616438,,2.396634659,,0.54,0.523,,5.861111111,,,Juvenile survival calculated directly from lifetable. Life table data from Purvis and Harvey 2032
Mammal,Perissodactyla,Equidae,Equus burchelli,,,,144000,268000,0.537313433,1,0.58,2.98630137,83520,8.843330934,,0.12,0.673,,4.833333333,,,Juvenile survival calculated directly from lifetable. Life table data from Purvis and Harvey 2033
Mammal,Rodentia,Echimyidae,Myocaster coypus,,,,1100,5300,0.20754717,4.54,2.76,0.704109589,13783.44,1.632693791,,0.948,0.273,,13.21772152,,,Juvenile survival calculated directly from lifetable. Life table data from Purvis and Harvey 2034
Mammal,Carnivora,Mustelidae,Mustela putorius,,,,,646,,5.88,0.82,1,,3.402504853,,0.348,0.261,,13.85517241,,,Juvenile survival calculated directly from lifetable. Life table data from Purvis and Harvey 2035
Mammal,Artiodactyla,Cervidae,Rangifer tarandus,,,,33800,93600,0.361111111,1,0.82,3.315068493,27716,6.923251141,,0.156,0.663,,6.307692308,,,Juvenile survival calculated directly from lifetable. Life table data from Purvis and Harvey 2036
Mammal,Lagomorpha,Leporidae,Sylvilagus floridanus,,,,125,1270,0.098425197,3.86,4.58,0.353424658,2209.85,1.274275495,,1.536,0.425,,11.50963542,,,Juvenile survival calculated directly from lifetable. Life table data from Purvis and Harvey 2037
Mammal,Lagomorpha,Leporidae,Lepus europaeus,,,,580,3730,0.155495979,2.46,3.99,0.665753425,5692.932,1.994318677,,0.696,0.423,,14.10258621,,,Juvenile survival calculated directly from lifetable. Life table data from Purvis and Harvey 2038
Mammal,Carnivora,Canidae,Alopex lagopus,,,,,3000,,11.3,0.83,0.898630137,,2.069756312,,0.66,0.429,,14.21060606,,,Juvenile survival calculated directly from lifetable. Life table data from Purvis and Harvey 2039
Mammal,Rodentia,Dipodidae,Zapus hudsonius,,,,7.8,18.5,0.421621622,5.4,0.82,1,34.5384,,,,0.11,,,,,Juvenile survival calculated directly from lifetable. Life table data from Purvis and Harvey 2040
Mammal,Rodentia,Sciuridae,Spermophilus dauricus,,,,,200,,,0.82,1,,2.154229742,,0.624,0.328,,,,,Juvenile survival calculated directly from lifetable. Life table data from Purvis and Harvey 2041
Mammal,Artiodactyla,Cervidae,Capreolus capreolus,,,,,23000,,2.17,,2.008219178,,3.504137933,,0.336,0.389,,,,,Juvenile survival calculated directly from lifetable. Life table data from Purvis and Harvey 2042
Mammal,Artiodactyla,Bovidae,Hemitragus jemlahicus,,,,,35200,,1.04,,2.643835616,,4.904948471,,0.228,0.442,,,,,Juvenile survival calculated directly from lifetable. Life table data from Purvis and Harvey 2043
Mammal,Artiodactyla,Moschidae,Moschus berezovskii,,,,,10900,,1.41,,3.01369863,,6.466374371,,0.168,0.488,,,,,Juvenile survival calculated directly from lifetable. Life table data from Purvis and Harvey 2044
Mammal,Rodentia,Cricetidae,Peromyscus leucopus,,,,11.3,24,0.470833333,4.89,,0.17260274,,1.005118496,,5.28,,,,,,Juvenile survival calculated directly from lifetable. Life table data from Purvis and Harvey 2045
Mammal,Lagomorpha,Leporidae,Oryctolagus cuniculus,,,,208,1550,0.134193548,4.74,5.09,0.479452055,5018.3328,1.034668675,,3.396,,,7.104416961,,,Juvenile survival calculated directly from lifetable. Life table data from Purvis and Harvey 2046
Mammal,Chiroptera,Rhinolophidae,Rhinolophus ferrumequinum,,,,,22.9,,1,0.82,3.01369863,,4.686647493,,0.24,,,3.416666667,,,Juvenile survival calculated directly from lifetable. Life table data from Purvis and Harvey 2047
Mammal,Chiroptera,Vespertilionidae,Eptesicus fuscus,,,,12,22.7,0.528634361,1.64,0.82,1,16.1376,3.99618911,,0.288,,,4.669444444,,,Juvenile survival calculated directly from lifetable. Life table data from Purvis and Harvey 2048
Mammal,Chiroptera,Vespertilionidae,Pipistrellus suhflavus,,,,,6.9,,2,0.82,2,,2.357362278,,0.552,,,2.971014493,,,Juvenile survival calculated directly from lifetable. Life table data from Purvis and Harvey 2049
Mammal,Chiroptera,Vespertilionidae,Pipistrellus pipistrellus,,,,3.7,6,0.616666667,1.26,0.82,2,3.82284,2.730851412,,0.456,,,2.265789474,,,Juvenile survival calculated directly from lifetable. Life table data from Purvis and Harvey 2050
Mammal,Eulipotyphla,Erinaceidae,Erinaceus europaeus,,,,139,771,0.180285344,4.47,1.73,1,1074.9009,3.058166597,,0.396,,,19.5280303,,,Juvenile survival calculated directly from lifetable. Life table data from Purvis and Harvey 2051
Mammal,Carnivora,Ursidae,Ursus americanus,,,,23600,87200,0.270642202,2.3,0.42,5.01369863,22797.6,6.070547462,,0.18,,,5.366666667,,,Juvenile survival calculated directly from lifetable. Life table data from Purvis and Harvey 2052
Mammal,Carnivora,Canidae,Urocyon cinereoargenteus,,,,481,3300,0.145757576,4.42,0.95,1.076712329,2019.719,3.402504853,,0.348,,,12.06609195,,,Juvenile survival calculated directly from lifetable. Life table data from Purvis and Harvey 2053
Mammal,Carnivora,Canidae,Vulpes vulpes,,,,2040,3650,0.55890411,4.85,0.82,1,8113.08,2.357362278,,0.552,,,7.204710145,,,Juvenile survival calculated directly from lifetable. Life table data from Purvis and Harvey 2054
Mammal,Artiodactyla,Bovidae,Kobus kob,,,,31600,59200,0.533783784,1,1.3,1.756164384,41080,3.136088299,,0.384,,,3.385416667,,,Juvenile survival calculated directly from lifetable. Life table data from Purvis and Harvey 2055
Mammal,Artiodactyla,Bovidae,Damaliscus lunatus,,,,,128000,,1,0.57,2.460273973,,2.043678241,,0.672,,,0.848214286,,,Juvenile survival calculated directly from lifetable. Life table data from Purvis and Harvey 2056
Mammal,Artiodactyla,Bovidae,Syncerus caffer,,,,166000,547000,0.303473492,1,0.4,4.931506849,66400,5.724323512,,0.192,,,2.083333333,,,Juvenile survival calculated directly from lifetable. Life table data from Purvis and Harvey 2057
Mammal,Artiodactyla,Cervidae,Odocoileus hemionus,,,,16100,56300,0.285968028,1.58,0.94,1.854794521,23911.72,3.858295914,,0.3,,,4.950666667,,,Juvenile survival calculated directly from lifetable. Life table data from Purvis and Harvey 2058
Fish,Clupeiformes,Clupeidae,Clupea harengus,,,,0.001063,29.5,3.60E-05,10755,1,2,11.432565,4.094731473,,0.28,1.30E-05,,1.54E+05,,,"Tsoukali 2016, mass at hatch from fishbase"
Fish,Clupeiformes,Clupeidae,Clupea harengus,,,,0.001063,128,8.30E-06,43986,1,2,46.757118,3.033244782,,0.4,3.80E-06,,5.26E+05,,,"Tsoukali 2016, mass at hatch from fishbase"
Fish,Clupeiformes,Clupeidae,Clupea harengus,,,,0.001063,192.3,5.53E-06,35995,1,4,38.262685,7.179161982,,0.15,2.50E-06,,8.00E+05,,,"Tsoukali 2016, mass at hatch from fishbase"
Fish,Clupeiformes,Clupeidae,Clupea harengus,,,,0.001063,174.3,6.10E-06,50871,1,3,54.075873,10.50833194,,0.1,1.70E-06,,1.18E+06,,,"Tsoukali 2016, mass at hatch from fishbase"
Fish,Clupeiformes,Engraulidae,Engraulis encrasicolus,,,,0.000108,11.2,9.64E-06,86444,1,1,9.335952,1.431012761,,1.2,1.00E-05,,2.00E+05,,,"Tsoukali 2016, mass at hatch from fishbase"
Fish,Clupeiformes,Engraulidae,Engraulis encrasicolus,,,,0.000108,14.8,7.30E-06,116957,1,1,12.631356,1.498960659,,1.1,7.50E-06,,2.67E+05,,,"Tsoukali 2016, mass at hatch from fishbase"
Fish,Clupeiformes,Engraulidae,Engraulis encrasicolus,,,,0.000108,19,5.68E-06,155868,1,1,16.833744,2.861304786,,0.43,5.10E-06,,3.92E+05,,,"Tsoukali 2016, mass at hatch from fishbase"
Fish,Gadiformes,Gadidae,Gadus morhua,,,,0.00057361,168,3.41E-06,214558,1,2,123.0726144,5.516655566,,0.2,4.40E-07,,4.55E+06,,,"Tsoukali 2016, mass at hatch from fishbase"
Fish,Gadiformes,Gadidae,Gadus morhua,,,,0.00057361,2276.3,2.52E-07,530622,1,5,304.3700854,5.516655566,,0.2,4.70E-08,,4.26E+07,,,"Tsoukali 2016, mass at hatch from fishbase"
Fish,Gadiformes,Gadidae,Gadus morhua,,,,0.00057361,1732.5,3.31E-07,506879,1,4,290.7508632,5.516655566,,0.2,2.10E-07,,9.52E+06,,,"Tsoukali 2016, mass at hatch from fishbase"
Fish,Gadiformes,Gadidae,Gadus morhua,,,,0.00057361,1181.5,4.85E-07,630355,1,5,361.5779316,5.063773107,,0.22,1.10E-07,,1.82E+07,,,"Tsoukali 2016, mass at hatch from fishbase"
Fish,Gadiformes,Gadidae,Melanogrammus aeglefinus,,,,0.00029621,285.6,1.04E-06,157054,1,3,46.52096534,3.096520474,,0.39,7.00E-07,,2.86E+06,,,"Tsoukali 2016, mass at hatch from fishbase"
Fish,Gadiformes,Gadidae,Melanogrammus aeglefinus,,,,0.00029621,276.2,1.07E-06,30655,1,2,9.08031755,3.033244782,,0.4,1.10E-07,,1.82E+07,,,"Tsoukali 2016, mass at hatch from fishbase"
Fish,Gadiformes,Gadidae,Merlangius merlangus,,,,0.0000929,94,9.88E-07,19709,1,1,1.8309661,1.234779765,,1.66,8.00E-07,,2.50E+06,,,"Tsoukali 2016, mass at hatch from fishbase"
Fish,Gadiformes,Merlucciidae,Merluccius merluccius,,,,0.0000819,897.1,9.13E-08,2634468,1,3,215.7629292,3.033244782,,0.4,7.10E-08,,2.82E+07,,,"Tsoukali 2016, mass at hatch from fishbase"
Fish,Gadiformes,Merlucciidae,Merluccius merluccius,,,,0.0000819,337.9,2.42E-07,1021749,1,2,83.6812431,3.033244782,,0.4,3.40E-07,,5.88E+06,,,"Tsoukali 2016, mass at hatch from fishbase"
Fish,Gadiformes,Gadidae,Micromesistius poutassou,,,,0.0000883,50.4,1.75E-06,22634,1,1,1.9985822,5.516655566,,0.2,3.90E-06,,5.13E+05,,,"Tsoukali 2016, mass at hatch from fishbase"
Fish,Pleuronectiformes,Pleuronectidae,Pleuronectes platessa,,,,0.00268281,110.3,2.43E-05,21673,1,2,58.14454113,10.50833194,,0.1,2.10E-06,,9.52E+05,,,"Tsoukali 2016, mass at hatch from fishbase"
Fish,Clupeiformes,Clupeidae,Sardina pilchardus,,,,0.00011916,15.7,7.59E-06,69247,1,1,8.25147252,1.463350609,,1.15,9.00E-06,,2.22E+05,,,"Tsoukali 2016, mass at hatch from fishbase"
Fish,Clupeiformes,Clupeidae,Sardina pilchardus,,,,0.00011916,48.7,2.45E-06,136122,1,1,16.22029752,2.541494083,,0.5,1.10E-06,,1.82E+06,,,"Tsoukali 2016, mass at hatch from fishbase"
Fish,Clupeiformes,Clupeidae,Sardina pilchardus,,,,0.00011916,23.5,5.07E-06,129217,1,1,15.39749772,1.498960659,,1.1,3.20E-06,,6.25E+05,,,"Tsoukali 2016, mass at hatch from fishbase"
Fish,Clupeiformes,Clupeidae,Sardina pilchardus,,,,0.00011916,53.7,2.22E-06,149998,1,1,17.87376168,2.541494083,,0.5,1.20E-06,,1.67E+06,,,"Tsoukali 2016, mass at hatch from fishbase"
Fish,Scombriformes,Scombridae,Scomber scombrus,,,,0.0000963,240.1,4.01E-07,336414,1,2,32.3966682,7.179161982,,0.15,3.20E-07,,6.25E+06,,,"Tsoukali 2016, mass at hatch from fishbase"
Fish,Scombriformes,Scombridae,Scomber scombrus,,,,0.0000963,300,0.000000321,94558,1,1,9.1059354,3.858295914,,0.3,4.30E-07,,4.65E+06,,,"Tsoukali 2016, mass at hatch from fishbase"
Fish,Pleuronectiformes,Soleidae,Solea solea,,,,0.0000743,186.7,3.98E-07,139877,1,3,10.3928611,10.50833194,,0.1,1.70E-06,,1.18E+06,,,"Tsoukali 2016, mass at hatch from fishbase"
Fish,Clupeiformes,Clupeidae,Sprattus sprattus,,,,0.0000322,5.2,6.19E-06,5460,1,1,0.175812,3.307713177,,0.36,3.80E-05,,5.26E+04,,,"Tsoukali 2016, mass at hatch from fishbase"
Fish,Perciformes,Carangidae,Trachurus trachurus,,,,0.0000232,58.1,3.99E-07,105045,1,2,2.437044,7.179161982,,0.15,8.50E-07,,2.35E+06,,,"Tsoukali 2016, mass at hatch from fishbase"
Fish,Gadiformes,Gadidae,Trisopterus esmarkii,,,,0.00021627,9,2.40E-05,1236,1,1,0.26730972,3.972408723,,0.29,5.50E-05,,3.64E+04,,,"Tsoukali 2016, mass at hatch from fishbase"
Amphibian,Anura,Alytidae,Alytes cisternasii,,,,0.014753765,2.059520388,0.00716369,120,4,2,7.0818072,4,,,0.001041667,,1.92E+03,,,"Amphibio, family or order specific l-w eqn from Santini et al. 2018 Integrative Zoology"
Amphibian,Anura,Alytidae,Alytes obstetricans,,,,0.02853344,3.608184442,0.007907977,112,4,2.5,12.78298112,4.5,,,0.000992063,,2.02E+03,,,"Amphibio, family or order specific l-w eqn from Santini et al. 2018 Integrative Zoology"
Amphibian,Anura,Aromobatidae,Anomaloglossus beebei,,,,0.001755,0.049418293,0.035513165,4,3,0.45,0.02106,4.55,,,0.036630037,,5.46E+01,,,"Amphibio, family or order specific l-w eqn from Santini et al. 2018 Integrative Zoology"
Amphibian,Anura,Bufonidae,Rhinella marina,,,,0.00356668,308.7800358,1.16E-05,20170,1,1.75,71.9399356,23.05,,,4.30E-06,,4.65E+05,,,"Amphibio, family or order specific l-w eqn from Santini et al. 2018 Integrative Zoology"
Amphibian,Anura,Bufonidae,Anaxyrus americanus,,,,0.001755,10.62823785,0.000165126,11000,1,3,19.305,33,,,5.51E-06,,3.63E+05,,,"Amphibio, family or order specific l-w eqn from Santini et al. 2018 Integrative Zoology"
Amphibian,Anura,Bufonidae,Anaxyrus cognatus,,,,0.000790855,13.22060794,5.98E-05,23198,1,3.5,18.34625429,6.5,,,1.33E-05,,1.51E+05,,,"Amphibio, family or order specific l-w eqn from Santini et al. 2018 Integrative Zoology"
Amphibian,Anura,Bufonidae,Incilius alvarius,,,,0.001755,64.38643651,2.73E-05,7750,1,3,13.60125,12.4,,,2.08E-05,,9.61E+04,,,"Amphibio, family or order specific l-w eqn from Santini et al. 2018 Integrative Zoology"
Amphibian,Anura,Bufonidae,Anaxyrus boreas,,,,0.002669136,81.40928863,3.28E-05,10856.5,1,5,28.97747498,6.5,,,2.83E-05,,7.06E+04,,,"Amphibio, family or order specific l-w eqn from Santini et al. 2018 Integrative Zoology"
Amphibian,Anura,Bufonidae,Anaxyrus hemiophrys,,,,0.00052,6.493657829,8.01E-05,4677,1,2.5,2.43204,10.8,,,3.96E-05,,5.05E+04,,,"Amphibio, family or order specific l-w eqn from Santini et al. 2018 Integrative Zoology"
Amphibian,Anura,Bufonidae,Incilius nebulifer,,,,0.00052,48.94302498,1.06E-05,2817.5,2,2,2.9302,6,,,5.92E-05,,3.38E+04,,,"Amphibio, family or order specific l-w eqn from Santini et al. 2018 Integrative Zoology"
Amphibian,Anura,Bufonidae,Anaxyrus canorus,,,,0.00481572,18.07987469,0.000266358,3250,1,4.5,15.65109,10.5,,,5.86E-05,,3.41E+04,,,"Amphibio, family or order specific l-w eqn from Santini et al. 2018 Integrative Zoology"
Amphibian,Anura,Bufonidae,Anaxyrus punctatus,,,,0.00913952,12.06405082,0.000757583,2515,1,2,22.9858928,9.3,,,8.55E-05,,2.34E+04,,,"Amphibio, family or order specific l-w eqn from Santini et al. 2018 Integrative Zoology"
Amphibian,Anura,Bufonidae,Anaxyrus debilis,,,,0.00052,16.19696872,3.21E-05,2000,1,2,1.04,10.4,,,9.62E-05,,2.08E+04,,,"Amphibio, family or order specific l-w eqn from Santini et al. 2018 Integrative Zoology"
Amphibian,Anura,Bufonidae,Anaxyrus fowleri,,,,0.022295,27.04141313,0.000824476,5999,1,1.5,133.747705,3.5,,,9.53E-05,,2.10E+04,,,"Amphibio, family or order specific l-w eqn from Santini et al. 2018 Integrative Zoology"
Amphibian,Anura,Bufonidae,Anaxyrus californicus,,,,0.001936415,30.3428946,6.38E-05,6190.5,1,2.5,11.98737706,2.5,,,0.00012923,,1.55E+04,,,"Amphibio, family or order specific l-w eqn from Santini et al. 2018 Integrative Zoology"
Amphibian,Anura,Bufonidae,Anaxyrus baxteri,,,,0.008125,14.44769592,0.000562373,3500,1,1.5,28.4375,3.5,,,0.000163265,,1.23E+04,,,"Amphibio, family or order specific l-w eqn from Santini et al. 2018 Integrative Zoology"
Amphibian,Anura,Bufonidae,Anaxyrus quercicus,,,,0.00052,3.260853864,0.000159467,6000,1,2.3,3.12,1.7,,,0.000196078,,1.02E+04,,,"Amphibio, family or order specific l-w eqn from Santini et al. 2018 Integrative Zoology"
Amphibian,Anura,Bufonidae,Anaxyrus houstonensis,,,,0.00356668,27.6818028,0.000128846,3356,1,1.5,11.96977808,2.9,,,0.000205499,,9.73E+03,,,"Amphibio, family or order specific l-w eqn from Santini et al. 2018 Integrative Zoology"
Amphibian,Anura,Dendrobatidae,Phyllobates terribilis,,,,0.008125,3.991334744,0.00203566,15,1,1,0.121875,7,,,0.019047619,,1.05E+02,,,"Amphibio, family or order specific l-w eqn from Santini et al. 2018 Integrative Zoology"
Amphibian,Anura,Dicroglossidae,Euphlyctis hexadactylus,,,,0.00052,12.93303053,4.02E-05,2000,1,1.75,1.04,4.5,,,0.000222222,,9.00E+03,,,"Amphibio, family or order specific l-w eqn from Santini et al. 2018 Integrative Zoology"
Amphibian,Anura,Dicroglossidae,Fejervarya limnocharis,,,,0.000601965,0.777379056,0.000774352,1560.5,1,2,0.939366383,2,,,0.00064082,,3.12E+03,,,"Amphibio, family or order specific l-w eqn from Santini et al. 2018 Integrative Zoology"
Amphibian,Anura,Eleutherodactylidae,Eleutherodactylus coqui,,,,0.02853344,2.854452375,0.009996117,26.5,1,1,0.75613616,5,,,0.01509434,,1.32E+02,,,"Amphibio, family or order specific l-w eqn from Santini et al. 2018 Integrative Zoology"
Amphibian,Anura,Hylidae,Litoria aurea,,,,0.003855735,14.81483336,0.000260262,6821,1,1.05,26.29996844,8.95,,,3.28E-05,,6.10E+04,,,"Amphibio, family or order specific l-w eqn from Santini et al. 2018 Integrative Zoology"
Amphibian,Anura,Hylidae,Hyla arborea,,,,0.001279395,4.636540228,0.000275937,1100,1,1.5,1.4073345,20.5,,,8.87E-05,,2.25E+04,,,"Amphibio, family or order specific l-w eqn from Santini et al. 2018 Integrative Zoology"
Amphibian,Anura,Hylidae,Argenteohyla siemersi,,,,0.00255476,30.43135715,8.40E-05,5812.5,1,2.5,14.8495425,2.5,,,0.000137634,,1.45E+04,,,"Amphibio, family or order specific l-w eqn from Santini et al. 2018 Integrative Zoology"
Amphibian,Anura,Hylidae,Hyla versicolor,,,,0.001936415,0.504193237,0.003840621,1800,1,2,3.485547,5.8,,,0.000191571,,1.04E+04,,,"Amphibio, family or order specific l-w eqn from Santini et al. 2018 Integrative Zoology"
Amphibian,Anura,Hylidae,Acris crepitans,,,,0.00142688,0.504193237,0.002830026,270,2,1,0.7705152,3.9,,,0.000949668,,2.11E+03,,,"Amphibio, family or order specific l-w eqn from Santini et al. 2018 Integrative Zoology"
Amphibian,Anura,Leiopelmatidae,Ascaphus truei,,,,0.086515,2.609286005,0.03315658,62,1,2.5,5.36393,17.5,,,0.001843318,,1.08E+03,,,"Amphibio, family or order specific l-w eqn from Santini et al. 2018 Integrative Zoology"
Amphibian,Anura,Leiopelmatidae,Ascaphus montanus,,,,0.047385,7.114742129,0.006660115,61.5,1,7.5,2.9141775,12.5,,,0.002601626,,7.69E+02,,,"Amphibio, family or order specific l-w eqn from Santini et al. 2018 Integrative Zoology"
Amphibian,Anura,Myobatrachidae,Crinia signifera,,,,0.001974136,0.213861645,0.009230904,125,1,2.5,0.246767,4.5,,,0.003555556,,5.62E+02,,,"Amphibio, family or order specific l-w eqn from Santini et al. 2018 Integrative Zoology"
Amphibian,Anura,Pelobatidae,Pelobates cultripes,,,,0.00416,4.316998056,0.000963633,2500,1,2.5,10.4,12.5,,,0.000064,,3.13E+04,,,"Amphibio, family or order specific l-w eqn from Santini et al. 2018 Integrative Zoology"
Amphibian,Anura,Pelodytidae,Pelodytes punctatus,,,,0.00416,2.609286005,0.001594306,1500,2,1,12.48,9,,,7.41E-05,,2.70E+04,,,"Amphibio, family or order specific l-w eqn from Santini et al. 2018 Integrative Zoology"
Amphibian,Anura,Pipidae,Pipa pipa,,,,0.11232,34.17504374,0.003286609,102.5,1,4.5,11.5128,3.2,,,0.006097561,,3.28E+02,,,"Amphibio, family or order specific l-w eqn from Santini et al. 2018 Integrative Zoology"
Amphibian,Anura,Ptychadenidae,Ptychadena oxyrhynchus,,,,0.00114244,14.39128361,7.94E-05,3500,1,0.725,3.99854,0.275,,,0.002077922,,9.63E+02,,,"Amphibio, family or order specific l-w eqn from Santini et al. 2018 Integrative Zoology"
Amphibian,Anura,Ptychadenidae,Ptychadena bibroni,,,,0.00114244,5.401138021,0.000211518,1366.5,1,0.725,1.56114426,0.275,,,0.005322157,,3.76E+02,,,"Amphibio, family or order specific l-w eqn from Santini et al. 2018 Integrative Zoology"
Amphibian,Anura,Ranidae,Lithobates catesbeianus,,,,0.00481572,184.7324783,2.61E-05,16750,1,3,80.66331,13,,,9.18E-06,,2.18E+05,,,"Amphibio, family or order specific l-w eqn from Santini et al. 2018 Integrative Zoology"
Amphibian,Anura,Ranidae,Rana temporaria,,,,0.006748495,31.86347849,0.000211794,2132.5,1,4,14.39116559,23,,,4.08E-05,,4.90E+04,,,"Amphibio, family or order specific l-w eqn from Santini et al. 2018 Integrative Zoology"
Amphibian,Anura,Ranidae,Lithobates pipiens,,,,0.00416,13.49844297,0.000308184,5522.5,1,1.5,22.9736,7.5,,,4.83E-05,,4.14E+04,,,"Amphibio, family or order specific l-w eqn from Santini et al. 2018 Integrative Zoology"
Amphibian,Anura,Ranidae,Pelophylax perezi,,,,0.00416,2.094956642,0.001985721,10000,1,2,41.6,4.8,,,4.17E-05,,4.80E+04,,,"Amphibio, family or order specific l-w eqn from Santini et al. 2018 Integrative Zoology"
Amphibian,Anura,Ranidae,Pelophylax nigromaculatus,,,,0.00553696,22.90286263,0.000241758,2800,1,3.5,15.503488,11.5,,,6.21E-05,,3.22E+04,,,"Amphibio, family or order specific l-w eqn from Santini et al. 2018 Integrative Zoology"
Amphibian,Anura,Ranidae,Lithobates sevosus,,,,0.003855735,50.7926725,7.59E-05,3750,1,0.45,14.45900625,5.55,,,9.61E-05,,2.08E+04,,,"Amphibio, family or order specific l-w eqn from Santini et al. 2018 Integrative Zoology"
Amphibian,Anura,Ranidae,Rana amurensis,,,,0.00632684,5.886284212,0.001074844,2225,1,2.75,14.077219,8.25,,,0.000108955,,1.84E+04,,,"Amphibio, family or order specific l-w eqn from Santini et al. 2018 Integrative Zoology"
Amphibian,Anura,Ranidae,Rana luteiventris,,,,0.00481572,9.840430192,0.000489381,1275,1,2.5,6.140043,10.5,,,0.000149393,,1.34E+04,,,"Amphibio, family or order specific l-w eqn from Santini et al. 2018 Integrative Zoology"
Amphibian,Anura,Ranidae,Rana dalmatina,,,,0.008125,18.60008787,0.000436826,1434,1,2,11.65125,6,,,0.00023245,,8.60E+03,,,"Amphibio, family or order specific l-w eqn from Santini et al. 2018 Integrative Zoology"
Amphibian,Anura,Ranidae,Hylarana guentheri,,,,0.001755,13.95713527,0.000125742,1995,1,2.5,3.501225,3.5,,,0.00028643,,6.98E+03,,,"Amphibio, family or order specific l-w eqn from Santini et al. 2018 Integrative Zoology"
Amphibian,Anura,Ranidae,Glandirana rugosa,,,,0.00212992,5.399996642,0.00039443,875,3,2,5.59104,3,,,0.000253968,,7.88E+03,,,"Amphibio, family or order specific l-w eqn from Santini et al. 2018 Integrative Zoology"
Amphibian,Anura,Ranidae,Lithobates sylvaticus,,,,0.00416,3.922172431,0.001060637,1750,1,1.85,7.28,3.35,,,0.000341151,,5.86E+03,,,"Amphibio, family or order specific l-w eqn from Santini et al. 2018 Integrative Zoology"
Amphibian,Anura,Ranidae,Rana muscosa,,,,0.00632684,5.399996642,0.001171638,223,1,3,1.41088532,11,,,0.000815328,,2.45E+03,,,"Amphibio, family or order specific l-w eqn from Santini et al. 2018 Integrative Zoology"
Amphibian,Anura,Ranidae,Rana cascadae,,,,0.01141504,8.147382354,0.001401068,550,1,3,6.278272,4,,,0.000909091,,2.20E+03,,,"Amphibio, family or order specific l-w eqn from Santini et al. 2018 Integrative Zoology"
Amphibian,Anura,Ranidae,Rana latastei,,,,0.00303264,3.559568943,0.000851968,425,1,2,1.288872,2,,,0.002352941,,8.50E+02,,,"Amphibio, family or order specific l-w eqn from Santini et al. 2018 Integrative Zoology"
Amphibian,Anura,Rhacophoridae,Rhacophorus omeimontis,,,,0.01868724,16.3657197,0.001141853,436,1,3,8.14763664,5,,,0.000917431,,2.18E+03,,,"Amphibio, family or order specific l-w eqn from Santini et al. 2018 Integrative Zoology"
Amphibian,Anura,Scaphiopodidae,Scaphiopus holbrookii,,,,0.00255476,5.79984506,0.000440488,4273,1,2.25,10.91648948,10.05,,,4.66E-05,,4.29E+04,,,"Amphibio, family or order specific l-w eqn from Santini et al. 2018 Integrative Zoology"
Amphibian,Caudata,Ambystomatidae,Ambystoma maculatum,,,,0.00718848,5.351788206,0.001343192,257,1,2.5,1.84743936,29.5,,,0.0002638,,7.58E+03,,,"Amphibio, family or order specific l-w eqn from Santini et al. 2018 Integrative Zoology"
Amphibian,Caudata,Ambystomatidae,Ambystoma talpoideum,,,,0.03328,3.13890971,0.010602408,450,1,2,14.976,7,,,0.000634921,,3.15E+03,,,"Amphibio, family or order specific l-w eqn from Santini et al. 2018 Integrative Zoology"
Amphibian,Caudata,Ambystomatidae,Ambystoma macrodactylum,,,,0.005167955,5.351788206,0.00096565,250.5,1,2,1.294572728,8,,,0.000998004,,2.00E+03,,,"Amphibio, family or order specific l-w eqn from Santini et al. 2018 Integrative Zoology"
Amphibian,Caudata,Ambystomatidae,Ambystoma gracile,,,,0.00416,13.13980938,0.000316595,150,1,2,0.624,8.2,,,0.001626016,,1.23E+03,,,"Amphibio, family or order specific l-w eqn from Santini et al. 2018 Integrative Zoology"
Amphibian,Caudata,Amphiumidae,Amphiuma tridactylum,,,,0.11232,10.36250509,0.010839078,275,1,3,30.888,12.9,,,0.000563777,,3.55E+03,,,"Amphibio, family or order specific l-w eqn from Santini et al. 2018 Integrative Zoology"
Amphibian,Caudata,Cryptobranchidae,Andrias japonicus,,,,0.065,1090.654499,5.96E-05,500,1,7.5,32.5,62.5,,,0.000064,,3.13E+04,,,"Amphibio, family or order specific l-w eqn from Santini et al. 2018 Integrative Zoology"
Amphibian,Caudata,Cryptobranchidae,Cryptobranchus alleganiensis,,,,0.11232,911.7482679,0.000123192,325,1,4.5,36.504,25.5,,,0.000241327,,8.29E+03,,,"Amphibio, family or order specific l-w eqn from Santini et al. 2018 Integrative Zoology"
Amphibian,Caudata,Plethodontidae,Pseudotriton montanus,,,,0.022295,18.2737817,0.001220054,134.5,1,3.75,2.9986775,11.35,,,0.001310122,,1.53E+03,,,"Amphibio, family or order specific l-w eqn from Santini et al. 2018 Integrative Zoology"
Amphibian,Caudata,Plethodontidae,Pseudotriton ruber,,,,0.03583892,9.594786586,0.003735249,79.5,1,4.5,2.84919414,15.6,,,0.001612643,,1.24E+03,,,"Amphibio, family or order specific l-w eqn from Santini et al. 2018 Integrative Zoology"
Amphibian,Caudata,Plethodontidae,Gyrinophilus porphyriticus,,,,0.027421875,16.98243652,0.00161472,61,1,4,1.672734375,14.5,,,0.002261164,,8.85E+02,,,"Amphibio, family or order specific l-w eqn from Santini et al. 2018 Integrative Zoology"
Amphibian,Caudata,Plethodontidae,Phaeognathus hubrichti,,,,0.18611372,14.81323821,0.012564013,44,1,5.5,8.18900368,14.2,,,0.003201024,,6.25E+02,,,"Amphibio, family or order specific l-w eqn from Santini et al. 2018 Integrative Zoology"
Amphibian,Caudata,Plethodontidae,Plethodon glutinosus,,,,0.047385,1.922755191,0.024644323,34,1,2.5,1.61109,17.6,,,0.003342246,,5.98E+02,,,"Amphibio, family or order specific l-w eqn from Santini et al. 2018 Integrative Zoology"
Amphibian,Caudata,Plethodontidae,Desmognathus welteri,,,,0.022295,2.508608055,0.008887399,25.5,1,4.5,0.5685225,15.5,,,0.005060089,,3.95E+02,,,"Amphibio, family or order specific l-w eqn from Santini et al. 2018 Integrative Zoology"
Amphibian,Caudata,Plethodontidae,Aneides aeneus,,,,0.047385,2.170415953,0.021832221,20,2,3.5,1.8954,9.5,,,0.005263158,,3.80E+02,,,"Amphibio, family or order specific l-w eqn from Santini et al. 2018 Integrative Zoology"
Amphibian,Caudata,Plethodontidae,Desmognathus quadramaculatus,,,,0.045822985,4.728537554,0.009690731,46.5,1,6.5,2.130768803,8.5,,,0.005060089,,3.95E+02,,,"Amphibio, family or order specific l-w eqn from Santini et al. 2018 Integrative Zoology"
Amphibian,Caudata,Plethodontidae,Hemidactylium scutatum,,,,0.008125,10.48371899,0.000775011,54.5,1,2.2,0.4428125,6.7,,,0.005477201,,3.65E+02,,,"Amphibio, family or order specific l-w eqn from Santini et al. 2018 Integrative Zoology"
Amphibian,Caudata,Plethodontidae,Desmognathus marmoratus,,,,0.02853344,2.138365192,0.013343577,42.5,1,4.5,1.2126712,8.5,,,0.005536332,,3.61E+02,,,"Amphibio, family or order specific l-w eqn from Santini et al. 2018 Integrative Zoology"
Amphibian,Caudata,Plethodontidae,Desmognathus ochrophaeus,,,,0.022295,1.204321631,0.018512497,20,1,3,0.4459,17,,,0.005882353,,3.40E+02,,,"Amphibio, family or order specific l-w eqn from Santini et al. 2018 Integrative Zoology"
Amphibian,Caudata,Plethodontidae,Desmognathus monticola,,,,0.04429568,2.138365192,0.02071474,25,1,5.25,1.107392,12.45,,,0.006425703,,3.11E+02,,,"Amphibio, family or order specific l-w eqn from Santini et al. 2018 Integrative Zoology"
Amphibian,Caudata,Plethodontidae,Desmognathus imitator,,,,0.022295,2.301803694,0.009685882,21.5,1,2,0.4793425,8,,,0.011627907,,1.72E+02,,,"Amphibio, family or order specific l-w eqn from Santini et al. 2018 Integrative Zoology"
Amphibian,Caudata,Plethodontidae,Plethodon vehiculum,,,,0.047385,1.485140508,0.031906072,19,1,2.75,0.900315,8.35,,,0.012606366,,1.59E+02,,,"Amphibio, family or order specific l-w eqn from Santini et al. 2018 Integrative Zoology"
Amphibian,Caudata,Plethodontidae,Desmognathus santeetlah,,,,0.008622315,0.430920602,0.020009057,22.5,1,2.5,0.194002088,7.5,,,0.011851852,,1.69E+02,,,"Amphibio, family or order specific l-w eqn from Santini et al. 2018 Integrative Zoology"
Amphibian,Caudata,Plethodontidae,Plethodon cinereus,,,,0.022295,1.806285694,0.012343009,7.5,1,3,0.1672125,22,,,0.012121212,,1.65E+02,,,"Amphibio, family or order specific l-w eqn from Santini et al. 2018 Integrative Zoology"
Amphibian,Caudata,Plethodontidae,Plethodon punctatus,,,,0.047385,2.727373894,0.017373856,11.5,1,3,0.5449275,12,,,0.014492754,,1.38E+02,,,"Amphibio, family or order specific l-w eqn from Santini et al. 2018 Integrative Zoology"
Amphibian,Caudata,Plethodontidae,Desmognathus ocoee,,,,0.008125,0.430920602,0.018854982,17,1,3.5,0.138125,6.5,,,0.018099548,,1.10E+02,,,"Amphibio, family or order specific l-w eqn from Santini et al. 2018 Integrative Zoology"
Amphibian,Caudata,Plethodontidae,Eurycea nana,,,,0.002786875,0.171238462,0.016274819,33,1,1,0.091966875,2.7,,,0.022446689,,8.91E+01,,,"Amphibio, family or order specific l-w eqn from Santini et al. 2018 Integrative Zoology"
Amphibian,Caudata,Plethodontidae,Plethodon dunni,,,,0.065,2.508608055,0.025910783,9.5,1,3,0.6175,8,,,0.026315789,,7.60E+01,,,"Amphibio, family or order specific l-w eqn from Santini et al. 2018 Integrative Zoology"
Amphibian,Caudata,Plethodontidae,Desmognathus auriculatus,,,,0.022295,1.248437344,0.017858325,16,1,2.5,0.35672,4.5,,,0.027777778,,7.20E+01,,,"Amphibio, family or order specific l-w eqn from Santini et al. 2018 Integrative Zoology"
Amphibian,Caudata,Plethodontidae,Plethodon neomexicanus,,,,0.182209365,2.872262472,0.063437575,8.5,1,2.5,1.548779603,7.5,,,0.031372549,,6.38E+01,,,"Amphibio, family or order specific l-w eqn from Santini et al. 2018 Integrative Zoology"
Amphibian,Caudata,Plethodontidae,Plethodon ouachitae,,,,0.047385,2.044099187,0.02318136,16.05,1,3,0.76052925,3,,,0.041536864,,4.81E+01,,,"Amphibio, family or order specific l-w eqn from Santini et al. 2018 Integrative Zoology"
Amphibian,Caudata,Plethodontidae,Eurycea quadridigitata,,,,0.00303264,0.888019939,0.003415058,34.5,1,1.5,0.10462608,1.5,,,0.038647343,,5.17E+01,,,"Amphibio, family or order specific l-w eqn from Santini et al. 2018 Integrative Zoology"
Amphibian,Caudata,Plethodontidae,Desmognathus aeneus,,,,0.00356668,0.113492115,0.031426677,11.5,1,2,0.04101682,2,,,0.086956522,,2.30E+01,,,"Amphibio, family or order specific l-w eqn from Santini et al. 2018 Integrative Zoology"
Amphibian,Caudata,Plethodontidae,Desmognathus fuscus,,,,0.012357109,0.92411241,0.013371868,26.5,1,3,0.327463389,1.3,,,0.058055152,,3.45E+01,,,"Amphibio, family or order specific l-w eqn from Santini et al. 2018 Integrative Zoology"
Amphibian,Caudata,Proteidae,Necturus maculosus,,,,0.086515,107.4389042,0.000805248,52,1,6.5,4.49878,27.5,,,0.001398601,,1.43E+03,,,"Amphibio, family or order specific l-w eqn from Santini et al. 2018 Integrative Zoology"
Amphibian,Caudata,Salamandridae,Triturus marmoratus,,,,0.00416,1.092741872,0.003806937,300,1,3.2,1.248,21.8,,,0.00030581,,6.54E+03,,,"Amphibio, family or order specific l-w eqn from Santini et al. 2018 Integrative Zoology"
Amphibian,Caudata,Salamandridae,Notophthalmus viridescens,,,,0.001755,8.619561179,0.000203607,287.5,1,3,0.5045625,22,,,0.000316206,,6.32E+03,,,"Amphibio, family or order specific l-w eqn from Santini et al. 2018 Integrative Zoology"
Amphibian,Caudata,Salamandridae,Lissotriton helveticus,,,,0.001755,0.624012969,0.002812442,460,1,3.5,0.8073,7.5,,,0.00057971,,3.45E+03,,,"Amphibio, family or order specific l-w eqn from Santini et al. 2018 Integrative Zoology"
Amphibian,Caudata,Salamandridae,Triturus karelinii,,,,0.00356668,4.485423267,0.000795171,225,1,4.5,0.802503,10.5,,,0.000846561,,2.36E+03,,,"Amphibio, family or order specific l-w eqn from Santini et al. 2018 Integrative Zoology"
Amphibian,Caudata,Salamandridae,Tylototriton kweichowensis,,,,0.012037545,16.74136044,0.00071903,131,1,3.5,1.576918395,11.5,,,0.00132758,,1.51E+03,,,"Amphibio, family or order specific l-w eqn from Santini et al. 2018 Integrative Zoology"
Amphibian,Caudata,Salamandridae,Lissotriton boscai,,,,0.00416,0.562275354,0.00739851,250,1,3,1.04,5,,,0.0016,,1.25E+03,,,"Amphibio, family or order specific l-w eqn from Santini et al. 2018 Integrative Zoology"
Amphibian,Caudata,Salamandridae,Taricha torosa,,,,0.00632684,18.25522674,0.000346577,64.5,1,3,0.40808118,18.8,,,0.001649349,,1.21E+03,,,"Amphibio, family or order specific l-w eqn from Santini et al. 2018 Integrative Zoology"
Amphibian,Caudata,Salamandridae,Taricha rivularis,,,,0.008622315,128.8752543,6.69E-05,11,1,7,0.094845465,23,,,0.007905138,,2.53E+02,,,"Amphibio, family or order specific l-w eqn from Santini et al. 2018 Integrative Zoology"